Model,Dataset,Attack,Average,0,1,2,3,4,5,6,7,8,9
Trad. LeNet,MNIST,None,0.9916020222226614,0.9979591836734694,0.9955947136563876,0.996124031007752,0.992079207920792,0.9918533604887984,0.9887892376681614,0.9874739039665972,0.9931906614785992,0.9917864476386036,0.981169474727453
Trad. LeNet,FashionMNIST,None,0.9018,0.863,0.972,0.827,0.926,0.884,0.978,0.654,0.971,0.984,0.959
Trad. LeNet,EMNIST,None,0.8793617021276595,0.755,0.735,0.8775,0.98,0.9275,0.9125,0.945,0.98,0.9475,0.8775
Mod. LeNet,MNIST,None,0.9884498421326104,,,,,,,,,,
Mod. LeNet,FashionMNIST,None,0.8680999999999999,,,,,,,,,,
Mod. LeNet,EMNIST,None,0.854414893617021,,,,,,,,,,
